-- MySQL dump 10.13  Distrib 8.0.34, for Win64 (x86_64)
--
-- Host: 127.0.0.1    Database: caso3
-- ------------------------------------------------------
-- Server version	8.0.35

/*!40101 SET @OLD_CHARACTER_SET_CLIENT=@@CHARACTER_SET_CLIENT */;
/*!40101 SET @OLD_CHARACTER_SET_RESULTS=@@CHARACTER_SET_RESULTS */;
/*!40101 SET @OLD_COLLATION_CONNECTION=@@COLLATION_CONNECTION */;
/*!50503 SET NAMES utf8 */;
/*!40103 SET @OLD_TIME_ZONE=@@TIME_ZONE */;
/*!40103 SET TIME_ZONE='+00:00' */;
/*!40014 SET @OLD_UNIQUE_CHECKS=@@UNIQUE_CHECKS, UNIQUE_CHECKS=0 */;
/*!40014 SET @OLD_FOREIGN_KEY_CHECKS=@@FOREIGN_KEY_CHECKS, FOREIGN_KEY_CHECKS=0 */;
/*!40101 SET @OLD_SQL_MODE=@@SQL_MODE, SQL_MODE='NO_AUTO_VALUE_ON_ZERO' */;
/*!40111 SET @OLD_SQL_NOTES=@@SQL_NOTES, SQL_NOTES=0 */;

--
-- Table structure for table `categoria_empleado`
--

DROP TABLE IF EXISTS `categoria_empleado`;
/*!40101 SET @saved_cs_client     = @@character_set_client */;
/*!50503 SET character_set_client = utf8mb4 */;
CREATE TABLE `categoria_empleado` (
  `id_categoria_emp` int NOT NULL AUTO_INCREMENT,
  `desc_categoria_emp` varchar(30) NOT NULL,
  PRIMARY KEY (`id_categoria_emp`)
) ENGINE=InnoDB AUTO_INCREMENT=5 DEFAULT CHARSET=utf8mb4 COLLATE=utf8mb4_0900_ai_ci;
/*!40101 SET character_set_client = @saved_cs_client */;

--
-- Dumping data for table `categoria_empleado`
--

LOCK TABLES `categoria_empleado` WRITE;
/*!40000 ALTER TABLE `categoria_empleado` DISABLE KEYS */;
INSERT INTO `categoria_empleado` VALUES (1,'Gerente'),(2,'Supervisor'),(3,'Ejecutivo de Arriendo'),(4,'Auxiliar');
/*!40000 ALTER TABLE `categoria_empleado` ENABLE KEYS */;
UNLOCK TABLES;

--
-- Table structure for table `cliente`
--

DROP TABLE IF EXISTS `cliente`;
/*!40101 SET @saved_cs_client     = @@character_set_client */;
/*!50503 SET character_set_client = utf8mb4 */;
CREATE TABLE `cliente` (
  `numrut_cli` int NOT NULL AUTO_INCREMENT,
  `dvrut_cli` varchar(1) NOT NULL,
  `appaterno_cli` varchar(15) NOT NULL,
  `apmaterno_cli` varchar(15) NOT NULL,
  `nombre_cli` varchar(25) NOT NULL,
  `direccion_cli` varchar(60) NOT NULL,
  `id_estcivil` int NOT NULL,
  `fonofijo_cli` int NOT NULL,
  `celular_cli` int DEFAULT NULL,
  `renta_cli` int NOT NULL,
  PRIMARY KEY (`numrut_cli`),
  KEY `fk_cliente_estado_civil` (`id_estcivil`),
  CONSTRAINT `fk_cliente_estado_civil` FOREIGN KEY (`id_estcivil`) REFERENCES `estado_civil` (`id_estcivil`)
) ENGINE=InnoDB AUTO_INCREMENT=18263421 DEFAULT CHARSET=utf8mb4 COLLATE=utf8mb4_0900_ai_ci;
/*!40101 SET character_set_client = @saved_cs_client */;

--
-- Dumping data for table `cliente`
--

LOCK TABLES `cliente` WRITE;
/*!40000 ALTER TABLE `cliente` DISABLE KEYS */;
INSERT INTO `cliente` VALUES (4604866,'0','AGUIRRE','MUñOZ','LUIS','VICHUQUEN 1462',1,26238494,NULL,1300000),(7108724,'6','QUILODRAN','GARCIA','MARIA','PJE.VARSOVIA 1439 V/ESQUINA B.',5,25382800,25317903,1200000),(8533901,'9','QUEZADA','VILLENA','CRISTIAN','P. LOS INCAS 1734 V/OLIMPO II',2,25321876,27344236,1260000),(8716085,'9','HORMAZABAL','SAGREDO','HUGO','DORSAL 5912 V/MANUEL RODRIGUEZ',1,27789260,76432652,1260000),(9499044,'5','ROJAS','ACHA','CLAUDIO','DR LUIS BISQUERT 2924 DPTO. 4',5,22380333,25262465,1300000),(9771046,'3','ZAMORANO','ELIZONDO','LUIS','ALAMEDA 301',1,26332876,52811129,1320000),(9798044,'9','MALTRAIN','CORTES','JUAN','ENZO PINZA 3330',5,25554298,95577263,1260000),(9964101,'2','MENESES','RUBIO','CARLOS','SANTA MARTA 0713',1,25293285,26438047,1200000),(9969366,'8','FUENTES','CORTES','LUIS','IGNACIO CARRERA PINTO 6013',4,26232094,57719055,600000),(10238830,'3','SOTO','ARMAZAN','JUAN','LOS MORELOS 803',5,25237022,92853737,1200000),(10268208,'K','REYES','MORALES','LUIS','BUENOS AIRES #429',2,28586286,97417379,2260000),(10293552,'2','FRITIS','CHAMBLAS','JOSE','PEDRO AGUIRRE CERDA 5962',4,26252858,55212127,1500000),(10320840,'8','DURAN','REBOLLEDO','JAIME','AV.3 PONIENTE 1548 V/VIENA',5,25327648,77446858,1420000),(10539484,'K','OSORIO','MELLA','JUAN','LO SALINAS 1695',2,28213010,92796904,1400000),(10586995,'1','MUÑOZ','FERNANDEZ','JOSE','AV.LAS TORRES 152',4,26434104,NULL,1200000),(10639521,'0','UVAL','RIQUELME','MIGUEL','SAN PABLO 7545 B/2 DPTO. 12',5,26439756,52710253,1300000),(10711069,'6','CISTERNAS','SAAVEDRA','VICTOR','LAGO GRIS 4673 V/EL ALBA',2,26983708,67813075,1250000),(10776845,'4','NAVARRO','VELASQUEZ','HECTOR','PJE. CAPRI 909 B/5 DEPTO. 103',1,25577804,56813593,1160000),(10917199,'9','ACUÑA','OLIVARES','ELIZABETH','CERRO HUEMUL 1052',5,57736141,NULL,1500000),(11226732,'2','CAVANELA','ORTEGA','JUAN','PJE BATUCO #9457 V/OHIGGINS',2,22816328,88582729,500000),(11339557,'0','BUSTOS','MARTINEZ','IVONNE','ALDUNATE 1932',5,25540604,57762111,560000),(11514737,'9','MORENO','GONZALEZ','CLAUDIA','GRACIOSA 7815 CERRO NAVIA',1,26491988,NULL,1500000),(11540908,'5','BARRERA','RIOS','LUISA','PASAJE 36 Nº4789 V/EYZAGUIRRE',4,22097186,NULL,760000),(11635470,'6','RAMIREZ','GUTIERREZ','JOEL','SIERRA BELLA 1687',5,25225838,NULL,1200000),(11657132,'8','ACUÑA','BARRERA','RONNY','OBS.ASTRONOMICO UC PAR.METROP.',5,27370770,62737281,1420000),(11695597,'3','BASOALTO','ARANGUIZ','JUAN','SANTA FILOMENA DE NOS',4,28575175,72850346,1320000),(11749379,'1','MORALES','ZAMORANO','FABIOLA','EL QUETZAL 675',1,66431810,NULL,1400000),(11872936,'0','VIDAL','OSSES','LUIS','C.NUEVA IMPERIAL 1045 B/1 DEPTO. 25',2,25293595,88111254,1300000),(11949670,'2','CONTRERAS','MIRANDA','CLAUDIO','VISTA HERMOSA 2126 P/H.ALTO',5,28310255,65582082,500000),(11976208,'4','OPAZO','AGUILERA','MARIA','LOS TILOS 8924 P/LUIS BELTRAN',2,26442611,65351928,1600000),(11996940,'6','ORELLANA','SAAVEDRA','JUAN','SANTA MARTA 9415 P/STA. TERESA',1,56434256,25421693,1200000),(12000035,'5','ROJAS','ROJAS','MARIO','AV.I.CARRERA PINTO 1041',4,98112545,NULL,1300000),(12095272,'4','ROJAS','RODRIGUEZ','DAMASO','URMENETA 1124 D.302',2,26210614,NULL,1160000),(12158268,'8','ERICES','MOLINA','ELIGIO','PJE.COLORADO 5528 DEPTO. 302',2,25230176,85283675,3140000),(12186256,'3','FUENTES','MORENO','MANUEL','HANOI 7474',1,26493855,55311880,1200000),(12189232,'8','DELGADO','GALLEGOS','XIMENA','LUXEMBURGO Nº9609',1,22202264,NULL,1340000),(12241168,'8','RAMIREZ','GUTIERREZ','RODRIGO','GUIDO RENNI 4225',2,25225838,85286676,1340000),(12251882,'2','MORICE','DONOSO','CLAUDIO','CHACALLUTA 9519',2,22814948,77413705,1200000),(12270989,'2','RAMIREZ','CARDENAS','MAURICIO','CALLE LOS NOGALES 9583',2,25271068,NULL,1300000),(12302426,'1','ALVARADO','ARAUNA','ALEX','PJE.CHONCHI 6678 V/LOS TRONCOS',2,25230195,67783253,1200000),(12364085,'9','ARAYA','CAMUS','FREDDY','CARRERA 027',5,28461589,62514074,560000),(12407575,'5','GONZALEZ','LILLO','MARCELA','RODRIGO DE ARAYA 4871 DEPTO. 14',2,22762321,56812350,1240000),(12415220,'5','CASTRO','TOBAR','ALEJANDRA','RODR. DE ARAYA 4651B B/11 DEPTO. 42',5,22763621,68546237,500000),(12459100,'8','POBLETE','FUENTES','SERGIO','TINGUIRIRICA 3553 V/FORESTA',3,27464857,75631102,1340000),(12459400,'6','PICHIHUINCA','JORQUERA','RAFAEL','INGENIERO GIROZ 6035',1,27783484,72940059,1250000),(12460769,'K','DAZA','GUERRERO','ERIC','HERRERA 618',1,26813742,56215369,400000),(12467533,'3','HERNANDEZ','DIAZ','JUAN','VARGAS SALCEDO 1541',5,25332923,55417672,320000),(12467572,'5','RIQUELME','BRIGNARDELLO','MIGUEL','AMERICO VESPUCIO 1505 V/MEXICO',5,25381416,52794874,500000),(12468646,'K','ALVAREZ','MUÑOZ','MANUEL','EDUARDO MATTE 2180',2,25557973,95292190,1400000),(12468736,'5','GONZALEZ','MUÑOZ','OSVALDO','MARIA LUISA BOMBAL 384',1,27414835,95412144,1340000),(12470801,'4','SANCHEZ','RIVERA','JACQUELINE','LUIS INFANTE CERDA 5315',1,27412764,26399737,1160000),(12487147,'9','MARIN','ARAVENA','JUAN','LAS PALMAS 134 V/CALIFORNIA',1,27780321,97773749,560000),(12495120,'3','RUIZ','BRIONES','CRISTIAN','PJE. FREIRINA 3630',2,23243232,85289043,1200000),(12503185,'0','SILVA','GONZALEZ','PAUL','CALLE HOLANDA 073 V/PORVENIR',2,28509240,67416145,1300000),(12610458,'8','BARTLAU','VARGAS','MACARENA','MARIA VIAL 8028',4,25273848,NULL,1420000),(12649413,'7','MANZANO','QUINTANILLA','JESSICA','PJE. LAMPA 1391 V/LOS MINERALE',2,26259699,66213729,1380000),(12649650,'6','CUADRA','DISSI','DIEGO','PJE.OLGA DONOSO 4047 P/E.GONEL',4,26251788,NULL,1200000),(12656375,'5','SALDIAS','ROJAS','DAVID','LOS TURISTAS 0735 P/EL SALTO',4,26224280,NULL,1300000),(12672729,'1','BARRAZA','LOBOS','EDUARDO','TRICAO 460 P/ EUGENIPO MATTE',2,28512060,77735367,1380000),(12684459,'7','CARVAJAL','REYES','PABLO','VICTORIA 615',2,25558281,67415270,1260000),(12685035,'8','PEREZ','PINTO','NELSON','EL CARMEN 10364 V/STA.MARIA',5,22825520,86229671,1200000),(12721101,'5','JORQUERA','SANCHEZ','LEONEL','ALMIRANTE RIVEROS #9653',1,25580425,67813075,500000),(12777063,'4','VILLENA','CAVERO','PABLO','NAVIDAD 1345 SEC.LA PALMILLA',3,26234565,27497042,600000),(12817700,'K','VARGAS','GARAY','CLAUDIA','PJE.BELEN Nº8 P/GERALDINE',2,2425678,88122441,1400000),(12820018,'4','ACEVEDO','SANDOVAL','ALEXANDER','LAS CODORNICES 2963-H DPTO. 21',5,22836901,92894026,1180000),(12831482,'2','ORELLANA','GARRIDO','PATRICIO','LOS GUAITECAS 1751',5,28572849,76442200,1200000),(12832359,'0','SALAS','TORO','CARLOS','PJE.LLEUQUE 0861 V/EL PERAL 3',1,22959031,77764463,1300000),(12859931,'2','CESPEDES','LANDEROS','CRISTIAN','BAUTISTA IBARRAL 277',4,27765868,65296851,1500000),(12861354,'3','CADIZ','SANDOVAL','FERNANDO','CALLE LUGO 4671 P.10 PAJARITO',4,27445878,58214142,800000),(12866487,'6','STOLLER','VARGAS','LORENA','PASCUAL BABURIZZA 655',1,22773144,85450443,1250000),(12866998,'K','AVILA','RETAMALES','CRISTIAN','TURMALINA 1495 V/LA SALUD',1,25457317,78172323,1260000),(12871924,'0','VENEGAS','TORRES','JESSICA','GARCIA REYES Nº55C',5,26817651,95596474,1300000),(12871979,'7','RODRIGUEZ','LEMUS','PAOLA','JOAQUIN EDWARDS BELLO #10529',4,25410073,65428513,3180000),(12946000,'9','CASTILLO','VALENCIA','PAULA','LAS AMAPOLAS 1931 P/PEDRO MONT',5,26833380,82886471,2160000),(12947165,'6','HISI','DIAZ','ROSA','ICARO 3580 V/SANTA INES',5,27360251,52893123,1250000),(12959989,'4','JEREZ','CHACON','PAMELA','INES DE SUARES 220',5,209388532,57813075,600000),(12960006,'3','MARILLANCA','CARVAJAL','ANTONIO','SITIO 37B PINTUE LAGUNA ACULEO',5,28249080,62562637,1320000),(12998853,'5','TRINKE','TRINKE','CRISTIAN','MANCO CAPAC 1756',3,27461014,67765258,500000),(13032090,'1','GONZALEZ','JOFRE','JUAN','PJE.LOS TILOS 8926 P/L.BELTRAN',2,26446917,55212127,1200000),(13034352,'9','MUñOZ','ASCORRA','CLAUDIA','LOS ÑANDUES #509 V/PAJARITOS',1,22570673,NULL,1560000),(13035746,'5','LARA','LECAROS','DANIEL','FRANCISCO ESCALONA 3790',5,26210890,68111801,1240000),(13041711,'2','ITURRIETA','GONZALEZ','PABLO','AV. TRANSITO 5291',3,27753384,67356222,795000),(13043565,'7','AGUILERA','ROMAN','WILLIBALDO','ANDES 4717',1,27748105,55285702,1380000),(13050258,'0','SALAS','CORNEJO','CARLOS','VALLE DEL SOL Nº4028',3,87418813,25287698,2300000),(13050707,'4','VALLE','CASTRIZELO','FREDY','PALERMO P/LA RAZON 2023',3,27378107,98725363,600000),(13057574,'1','CORNEJO','GONZALEZ','ALEJANDRO','CIENCIAS #8442 P/BIAUT',5,25586841,72950789,1400000),(13072368,'1','JORQUERA','VERA','ALEX','SENDA 12 B/1157 DEPTO. A V/C.18 NOR',1,22424598,NULL,1200000),(13072743,'8','ORELLANA','SERQUEIRA','JAIME','AV. 5 DE ABRIL 5693 A DPTO. 42',2,27417338,8491680,1420000),(13072796,'5','MEDINA','CAMUS','WANDA','ICTINOS 1162 VILLA PEDRO LAGOS',2,22797176,95586941,1300000),(13072851,'K','SUAREZ','GONZALEZ','KARINA','PAUL HARRIS 901',2,22012371,NULL,3120000),(13074837,'1','AMENGUAL','SALDIAS','CESAR','PJE.CODORNICES 1550 V/EL RODEO',1,22168405,55212406,1400000),(13078214,'7','CONCHA','MONTECINOS','KATHERINE','AV. GRECIA 5055 BL/2 DPTO. 22',5,22724039,NULL,1180000),(13082881,'4','FUENTES','FAUNDEZ','FELIPE','GUAYACAN # 063 V/FABERIO',5,28510780,66228120,1160000),(13083936,'7','QUINTANA','MARDONES','RUTH','PASAJE LA RAIZ Nº10591',1,22876325,95281124,1180000),(13085998,'0','SUAZO','RIQUELME','OSCAR','PJE.PAULINA 1678 V/BLANCA',1,25111798,68153576,3100000),(13088742,'6','CID','PADILLA','CAROLINA','AV.FRATERNAL 3910',2,25225759,88721366,1260000),(13098962,'0','SANTA','DIAZ','MARIA','AV.KENNEDY B/16 DEPTO. 31 P/MANSO',1,2253899,76814737,1250000),(13264443,'2','SAN','GARCIA','MARTIN','ALAMEDA #4272 DPTO. 104',2,27783600,62895758,2200000),(13269751,'6','VALLE','DIAZ','ALEXIS','CUATRO REMOS 580 V/ANT. VARAS',5,27782342,57788381,1240000),(13455413,'7','JIMENEZ','PINILLA','CRISTIAN','RICARDO CUMMING 1346 CASA 13',3,86966329,NULL,1300000),(13463138,'7','BRAVO','HENRIQUEZ','PABLO','FLACO MARIN #107 V/ C. NORTE',2,27766349,55341874,1380000),(14148957,'1','MARTIN','DONOSO','JUAN','PJE. LOS FLORENTINOS 1804',2,25428017,82936654,1400000),(14254526,'3','MARTINEZ','RODRIGUEZ','ERIC','PJE.LAGO RAPEL 1297 V/SENDERO',4,22919311,NULL,1200000),(14319236,'K','ARRIARAN','ROJAS','OSCAR','12 DE FEBRERO 850',4,28580076,68500893,1260000),(14319321,'5','SALVO','GUTIERREZ','PATRICIA','PJE # 1 Nº675 P/ANTUPILLAN',1,28587242,57787241,2240000),(14415848,'7','MACHUCA','ADONIS','MIGUEL','LOS JAZMINES 1537 DPTO. 41 V.O',1,22383938,58152298,1180000),(14526736,'1','VALENZUELA','MONTOYA','ROSA','GENARO PRIETO 910 P/EL TRANQUE',5,28503179,96469095,1400000),(14558221,'7','PASTEN','JORQUERA','ALAN','BALMACEDA Nº15',2,28421196,62278556,1180000),(14632410,'5','VILLANUEVA','YEPES','MONICA','GASPAR DE LA BARRERA 2815',4,26830779,56832705,1240000),(15353262,'K','BARRIOS','HIDALGO','LUIS','BALMACEDA 966',5,28213310,96255762,1260000),(16960649,'9','RIQUELME','CHAVEZ','ROCIO','BALMACEDA 1070',4,28598452,92871989,560000);
/*!40000 ALTER TABLE `cliente` ENABLE KEYS */;
UNLOCK TABLES;

--
-- Table structure for table `comuna`
--

DROP TABLE IF EXISTS `comuna`;
/*!40101 SET @saved_cs_client     = @@character_set_client */;
/*!50503 SET character_set_client = utf8mb4 */;
CREATE TABLE `comuna` (
  `id_comuna` int NOT NULL AUTO_INCREMENT,
  `nombre_comuna` varchar(30) NOT NULL,
  PRIMARY KEY (`id_comuna`)
) ENGINE=InnoDB AUTO_INCREMENT=48 DEFAULT CHARSET=utf8mb4 COLLATE=utf8mb4_0900_ai_ci;
/*!40101 SET character_set_client = @saved_cs_client */;

--
-- Dumping data for table `comuna`
--

LOCK TABLES `comuna` WRITE;
/*!40000 ALTER TABLE `comuna` DISABLE KEYS */;
INSERT INTO `comuna` VALUES (1,'Las Condes'),(2,'Providencia'),(3,'Santiago'),(4,'Ñuñoa'),(5,'Vitacura'),(6,'La Reina'),(7,'La Florida'),(8,'Maipú'),(9,'Lo Barnechea'),(10,'Macul'),(11,'San Miguel'),(12,'Peñalolén'),(13,'Puente Alto'),(14,'Recoleta'),(15,'Estación Central'),(16,'San Bernardo'),(17,'Independencia'),(18,'La Cisterna'),(19,'Quilicura'),(20,'Quinta Normal'),(21,'Conchalí'),(22,'San Joaquín'),(23,'Huechuraba'),(24,'El Bosque'),(25,'Cerrillos'),(26,'Cerro Navia'),(27,'La Granja'),(28,'La Pintana'),(29,'Lo Espejo'),(30,'Lo Prado'),(31,'Pedro Aguirre Cerda'),(32,'Pudahuel'),(33,'Renca'),(34,'San Ramón'),(35,'Melipilla'),(36,'San Pedro'),(37,'Alhué'),(38,'María Pinto'),(39,'Curacaví'),(40,'Talagante'),(41,'El Monte'),(42,'Buin'),(43,'Paine'),(44,'Peñaflor'),(45,'Isla de Maipo'),(46,'Colina'),(47,'Pirque');
/*!40000 ALTER TABLE `comuna` ENABLE KEYS */;
UNLOCK TABLES;

--
-- Table structure for table `empleado`
--

DROP TABLE IF EXISTS `empleado`;
/*!40101 SET @saved_cs_client     = @@character_set_client */;
/*!50503 SET character_set_client = utf8mb4 */;
CREATE TABLE `empleado` (
  `numrut_emp` int NOT NULL AUTO_INCREMENT,
  `dvrut_emp` varchar(1) NOT NULL,
  `appaterno_emp` varchar(15) NOT NULL,
  `apmaterno_emp` varchar(15) NOT NULL,
  `nombre_emp` varchar(25) NOT NULL,
  `direccion_emp` varchar(60) NOT NULL,
  `id_estcivil` int NOT NULL,
  `fonofijo_emp` varchar(15) NOT NULL,
  `celular_emp` varchar(15) DEFAULT NULL,
  `fecnac_emp` date DEFAULT NULL,
  `fecing_emp` date NOT NULL,
  `sueldo_emp` int NOT NULL,
  `id_comuna` int DEFAULT NULL,
  `id_categoria_emp` int DEFAULT NULL,
  `numrut_supervisor` int DEFAULT NULL,
  PRIMARY KEY (`numrut_emp`),
  KEY `fk_empleado_comuna` (`id_comuna`),
  KEY `fk_empleado_categoria_empleado` (`id_categoria_emp`),
  KEY `Fk_Empleado_Empleado` (`numrut_supervisor`),
  KEY `fk_empleado_estado_civil` (`id_estcivil`),
  CONSTRAINT `fk_empleado_categoria_empleado` FOREIGN KEY (`id_categoria_emp`) REFERENCES `categoria_empleado` (`id_categoria_emp`),
  CONSTRAINT `fk_empleado_comuna` FOREIGN KEY (`id_comuna`) REFERENCES `comuna` (`id_comuna`),
  CONSTRAINT `Fk_Empleado_Empleado` FOREIGN KEY (`numrut_supervisor`) REFERENCES `empleado` (`numrut_emp`),
  CONSTRAINT `fk_empleado_estado_civil` FOREIGN KEY (`id_estcivil`) REFERENCES `estado_civil` (`id_estcivil`)
) ENGINE=InnoDB AUTO_INCREMENT=18263421 DEFAULT CHARSET=utf8mb4 COLLATE=utf8mb4_0900_ai_ci;
/*!40101 SET character_set_client = @saved_cs_client */;

--
-- Dumping data for table `empleado`
--

LOCK TABLES `empleado` WRITE;
/*!40000 ALTER TABLE `empleado` DISABLE KEYS */;
INSERT INTO `empleado` VALUES (11630572,'8','ARAVENA','HERBAGE','GUSTAVO','FERNANDO DE ARAGON 8420',3,'25588481','26256661','1966-03-15','1999-08-19',1957095,18,3,12113369),(11636534,'9','ADASME','ZUÑIGA','LUIS','LITTLE ROCK 117 V/PDTE.KENNEDY',1,'26483081','26213403','1973-10-29','1994-08-20',1614934,19,3,12113369),(11649964,'0','GALVEZ','CASTRO','MARTA','CLOVIS MONTERO 0260 D/202',1,'23417556','25273328','1971-12-20','1994-08-01',1515239,10,3,NULL),(11670042,'5','GONGORA','DEVIA','VALESKA','PASAJE VENUS 2765',1,'23244270','26224817','1975-01-10','1996-09-01',1635086,42,3,12113369),(11745244,'3','VENEGAS','SOTO','KARINA','ARICA 3850',1,'27790734','27494190','1963-06-23','1986-08-14',1439042,13,3,12456905),(11846972,'5','OGAZ','VARAS','MARCO','OVALLE Nº5798 V/ OHIGGINS',3,'27763209','27377830','1959-12-31','1983-08-22',253590,24,4,11649964),(11999100,'4','CONTRERAS','CASTILLO','CLAUDIO','ISABEL RIQUELME 6075',2,'27764142','25232677','1966-03-15','1992-08-15',364163,14,4,11649964),(12113369,'4','ROMERO','DIAZ','NANCY','TENIENTE RAMON JIMENEZ 4753',4,'25631567','22623877','1968-06-09','1989-08-31',2710153,11,3,11649964),(12260812,'0','RIOS','ZUÑIGA','RAFAEL','LOS CASTAÑOS 1427 VILLA C.C.U.',4,'26410462','28501857','1991-11-05','2011-08-27',367056,10,4,11649964),(12272880,'K','LAPAZ','SEPULVEDA','MARCO','GUARDIA MARINA. RIQUELME 561',2,'26038967','22814034','1989-10-01','2012-08-21',1352596,12,3,12456905),(12456905,'1','CANALES','BASTIAS','JORGE','GENERAL CONCHA PEDREGAL #885',2,'27779827','27413395','1957-12-21','1981-08-12',2945675,11,3,11649964),(12466553,'2','VIDAL','PEREZ','TERESA','FCO. DE CAMARGO 14515 D/14',3,'28583700','28122603','1969-11-20','1994-08-13',1202614,32,3,12456905),(12468081,'9','SANCHEZ','GONZALEZ','PAOLA','AV.OSSA 01240 V/MI VIÑITA',3,'25273328','25581593','1987-10-04','2010-08-26',1330355,39,3,12113369),(12482036,'8','OLAVE','CASTILLO','ADRIAN','ELISA CORREA 188',2,'22888897','28441077','1956-01-03','1984-08-25',1068086,28,3,12113369),(12642309,'K','NAVARRO','SANTIBAÑEZ','JUAN','SANTA ELENA 300 V/LOS ALAMOS',2,'27441530','25342599','1986-10-11','2009-09-02',1659230,43,3,12456905),(12648200,'3','NARVAEZ','MUÑOZ','LUIS','AMBRIOSO OHIGGINS  2010',3,'27742268','25317272','1993-10-08','2012-08-30',1966613,30,3,12456905),(12811094,'6','MOLINA','GONZALEZ','PAULA','PJE.TIMBAL 1095 V/POMAIRE',4,'25313830',NULL,'1978-08-26','2001-08-17',1757577,16,3,12456905),(12868553,'2','CHACON','AMAYA','PATRICIA','LO ERRAZURIZ 530 V/EL SENDERO',2,'25577963',NULL,'1985-11-07','2004-08-29',1723055,18,3,12456905),(12888868,'5','PAEZ','MACMILLAN','JOSE','FERNANDEZ CONCHA 500',3,'22399493','27735417','1964-07-25','1989-08-16',1896155,15,3,12456905),(12899759,'1','CACERES','JIMENEZ','ERIKA','PJE.NAVARINO 15758 V/P.DE OÑA',1,'28593881','22650316','1974-01-06','1992-08-28',2281415,17,3,12456905),(14255602,'7','MUÑOZ','ROJAS','CARLOTA','TERCEIRA 7426 V/LIBERTAD',1,'26490093','27414886','1982-09-27','2004-08-18',2658577,17,2,11649964),(14283083,'6','MONDACA','COLLAO','AUGUSTO','NUEVA COLON Nº1152',4,'27357104','25376873','1989-10-01','2011-08-23',1144245,25,2,11649964),(14541837,'7','ALVAREZ','RIVERA','MARCO','HONDURAS B/8908 D/102 L.BRISAS',1,'22875902','25292497','1977-01-02','1994-08-24',1541418,27,3,12113369);
/*!40000 ALTER TABLE `empleado` ENABLE KEYS */;
UNLOCK TABLES;

--
-- Table structure for table `estado_civil`
--

DROP TABLE IF EXISTS `estado_civil`;
/*!40101 SET @saved_cs_client     = @@character_set_client */;
/*!50503 SET character_set_client = utf8mb4 */;
CREATE TABLE `estado_civil` (
  `id_estcivil` int NOT NULL AUTO_INCREMENT,
  `desc_Estcivil` varchar(25) NOT NULL,
  PRIMARY KEY (`id_estcivil`)
) ENGINE=InnoDB AUTO_INCREMENT=6 DEFAULT CHARSET=utf8mb4 COLLATE=utf8mb4_0900_ai_ci;
/*!40101 SET character_set_client = @saved_cs_client */;

--
-- Dumping data for table `estado_civil`
--

LOCK TABLES `estado_civil` WRITE;
/*!40000 ALTER TABLE `estado_civil` DISABLE KEYS */;
INSERT INTO `estado_civil` VALUES (1,'Soltero'),(2,'Casado'),(3,'Separado'),(4,'Divorciado'),(5,'Viudo');
/*!40000 ALTER TABLE `estado_civil` ENABLE KEYS */;
UNLOCK TABLES;

--
-- Table structure for table `propiedad`
--

DROP TABLE IF EXISTS `propiedad`;
/*!40101 SET @saved_cs_client     = @@character_set_client */;
/*!50503 SET character_set_client = utf8mb4 */;
CREATE TABLE `propiedad` (
  `nro_propiedad` int NOT NULL AUTO_INCREMENT,
  `fecha_entrega_propiedad` date NOT NULL,
  `direccion_propiedad` varchar(60) NOT NULL,
  `superficie` int NOT NULL,
  `nro_dormitorios` int DEFAULT NULL,
  `nro_banos` int DEFAULT NULL,
  `valor_arriendo` int NOT NULL,
  `valor_gasto_comun` int DEFAULT NULL,
  `id_tipo_propiedad` varchar(1) NOT NULL,
  `id_comuna` int NOT NULL,
  `numrut_prop` int NOT NULL,
  `numrut_emp` int DEFAULT NULL,
  PRIMARY KEY (`nro_propiedad`),
  KEY `fk_propiedad_tipo_propiedad` (`id_tipo_propiedad`),
  KEY `fk_propiedad_comuna` (`id_comuna`),
  KEY `fk_propiedad_propietario` (`numrut_prop`),
  KEY `fk_propiedad_empleado` (`numrut_emp`),
  CONSTRAINT `fk_propiedad_comuna` FOREIGN KEY (`id_comuna`) REFERENCES `comuna` (`id_comuna`),
  CONSTRAINT `fk_propiedad_empleado` FOREIGN KEY (`numrut_emp`) REFERENCES `empleado` (`numrut_emp`),
  CONSTRAINT `fk_propiedad_propietario` FOREIGN KEY (`numrut_prop`) REFERENCES `propietario` (`numrut_prop`),
  CONSTRAINT `fk_propiedad_tipo_propiedad` FOREIGN KEY (`id_tipo_propiedad`) REFERENCES `tipo_propiedad` (`id_tipo_propiedad`)
) ENGINE=InnoDB AUTO_INCREMENT=1029 DEFAULT CHARSET=utf8mb4 COLLATE=utf8mb4_0900_ai_ci;
/*!40101 SET character_set_client = @saved_cs_client */;

--
-- Dumping data for table `propiedad`
--

LOCK TABLES `propiedad` WRITE;
/*!40000 ALTER TABLE `propiedad` DISABLE KEYS */;
INSERT INTO `propiedad` VALUES (1001,'2000-05-01','Serrano 275',180,6,2,1250000,NULL,'A',10,12491094,12811094),(1002,'2011-12-15','Luis Matte 1477',81,4,1,240000,40000,'C',11,12491094,12113369),(1003,'2016-03-01','Vicuña Mackenna 945',62,4,2,350000,70000,'A',22,12651346,12456905),(1004,'2009-08-02','Celerino Pereira 1567',73,3,1,375000,40000,'B',23,12116380,12466553),(1005,'2008-01-02','Vicuña Mackena 285',62,3,2,600000,50000,'C',34,12885975,11745244),(1006,'2015-02-04','Pardo 1288',51,NULL,NULL,145000,30000,'E',15,12885975,12811094),(1007,'2009-12-01','Pje. Patria Vieja 7272',52,2,2,165000,NULL,'A',1,13041308,12888868),(1008,'2010-02-01','Jose Maria Caro 2551',52,2,1,220000,25000,'D',22,11947288,12811094),(1009,'2009-08-12','Galvarino 627',73,3,2,300000,NULL,'A',43,12783347,12811094),(1010,'2009-08-01','Pje. Piave 1439',72,3,1,450000,60000,'B',42,13195197,11630572),(1011,'2015-02-01','Las Carretas 2089',800,4,2,700000,35000,'G',32,12676073,11649964),(1012,'2002-03-15','Donatello 7421 D. 107',62,3,1,320000,46000,'B',8,12676073,12113369),(1013,'1995-03-02','Totoralillo 1514',63,NULL,NULL,175000,NULL,'E',1,13471056,12456905),(1014,'1992-05-20','Tres Oriente Nº6543',62,3,1,260000,NULL,'A',30,12064147,12466553),(1015,'2006-05-16','Pablo Burchard 566 Depto. 1002',41,2,2,280000,35000,'C',42,14149786,11745244),(1016,'2010-02-01','Pje. Caboz 2 Pedro Nuñez 5879',45,2,1,160000,25000,'D',43,13071695,11630572),(1017,'2012-12-01','Domeyko 2109',62,3,2,600000,90000,'C',24,12870395,12466553),(1018,'2009-01-05','Abdon Cifuentes 61',3500,3,1,1700000,120000,'G',26,12870395,12466553),(1019,'2010-02-03','Club Hipico 473 Depto. 706',66,3,2,320000,NULL,'A',6,12870395,12456905),(1020,'2012-05-01','San Pablo 6828 Depto. 201 BlocK. 5',74,3,1,342000,49000,'C',7,13071695,11745244),(1021,'2010-03-03','Sevilla N°1782',52,2,2,250000,50000,'D',1,14412994,11745244),(1022,'2012-05-15','Emiliano Figueroa 9221',53,2,1,820000,160000,'B',32,14412994,12888868),(1023,'2014-05-28','Las Acacias S/N',78,4,1,800000,NULL,'A',22,12878526,11649964),(1024,'2014-05-01','Los Duraznos 89',70,3,1,750000,NULL,'B',22,12878526,11649964),(1025,'2013-03-09','Totoral S/N',66,NULL,NULL,1300000,40000,'F',23,12878526,11630572),(1026,'2010-03-01','Bandera 458',34,NULL,2,300000,NULL,'E',32,12878526,11630572),(1027,'1989-03-16','Avenida Ambrosio OHiggins 1305',100,NULL,NULL,145000,30000,'H',18,12885975,12811094),(1028,'1989-03-18','Avenida San Juan 1105',100,3,3,580000,30000,'H',18,12885975,12811094);
/*!40000 ALTER TABLE `propiedad` ENABLE KEYS */;
UNLOCK TABLES;

--
-- Table structure for table `propiedad_arrendada`
--

DROP TABLE IF EXISTS `propiedad_arrendada`;
/*!40101 SET @saved_cs_client     = @@character_set_client */;
/*!50503 SET character_set_client = utf8mb4 */;
CREATE TABLE `propiedad_arrendada` (
  `nro_propiedad` int NOT NULL AUTO_INCREMENT,
  `fecini_arriendo` date NOT NULL,
  `fecter_arriendo` date DEFAULT NULL,
  `numrut_cli` int NOT NULL,
  PRIMARY KEY (`nro_propiedad`,`fecini_arriendo`),
  KEY `fk_propiedad_arrendada_cliente` (`numrut_cli`),
  CONSTRAINT `fk_propiedad_arrendada_cliente` FOREIGN KEY (`numrut_cli`) REFERENCES `cliente` (`numrut_cli`),
  CONSTRAINT `fk_propiedad_arrendada_prop` FOREIGN KEY (`nro_propiedad`) REFERENCES `propiedad` (`nro_propiedad`)
) ENGINE=InnoDB AUTO_INCREMENT=1027 DEFAULT CHARSET=utf8mb4 COLLATE=utf8mb4_0900_ai_ci;
/*!40101 SET character_set_client = @saved_cs_client */;

--
-- Dumping data for table `propiedad_arrendada`
--

LOCK TABLES `propiedad_arrendada` WRITE;
/*!40000 ALTER TABLE `propiedad_arrendada` DISABLE KEYS */;
INSERT INTO `propiedad_arrendada` VALUES (1001,'2000-08-11','2005-03-31',12871924),(1001,'2003-05-02',NULL,14526736),(1001,'2005-08-09','2010-02-28',12610458),(1002,'2006-02-01',NULL,13057574),(1002,'2012-02-01','2018-12-28',12871924),(1003,'2016-05-07',NULL,12467533),(1004,'2009-09-09','2015-03-24',12610458),(1004,'2015-09-29',NULL,12241168),(1005,'2003-04-01',NULL,15353262),(1005,'2008-03-02','2012-03-02',12186256),(1006,'2015-05-04',NULL,13050707),(1007,'2010-04-03','2015-04-03',13074837),(1007,'2015-11-01',NULL,12251882),(1008,'2010-06-03','2014-12-31',12777063),(1008,'2014-08-01',NULL,12467572),(1009,'2010-03-01',NULL,13463138),(1010,'2010-02-01','2014-03-31',10917199),(1010,'2014-05-01',NULL,11657132),(1010,'2014-09-01','2023-01-31',11540908),(1011,'2015-10-01',NULL,12487147),(1016,'2010-10-01','2015-08-31',12817700),(1016,'2016-02-01',NULL,11996940),(1017,'2012-05-01',NULL,14558221),(1018,'2009-05-05','2012-12-31',12459100),(1018,'2013-06-01',NULL,12503185),(1019,'2010-04-03','2016-08-31',10586995),(1020,'2009-05-01',NULL,12095272),(1020,'2012-06-01','2018-11-30',10586995),(1021,'2010-05-03','2015-03-31',15353262),(1022,'2012-06-01','2014-12-31',14632410),(1022,'2013-03-01',NULL,4604866),(1022,'2015-06-01','2021-11-30',14148957),(1023,'2014-07-07',NULL,16960649),(1024,'2014-07-01',NULL,14148957),(1025,'2013-09-09','2014-08-30',11635470),(1025,'2013-10-01',NULL,9798044),(1026,'2010-09-01','2017-08-31',13035746),(1026,'2017-10-01','2018-12-31',11635470);
/*!40000 ALTER TABLE `propiedad_arrendada` ENABLE KEYS */;
UNLOCK TABLES;

--
-- Table structure for table `propietario`
--

DROP TABLE IF EXISTS `propietario`;
/*!40101 SET @saved_cs_client     = @@character_set_client */;
/*!50503 SET character_set_client = utf8mb4 */;
CREATE TABLE `propietario` (
  `numrut_prop` int NOT NULL AUTO_INCREMENT,
  `dvrut_prop` varchar(1) NOT NULL,
  `appaterno_prop` varchar(15) NOT NULL,
  `apmaterno_prop` varchar(15) NOT NULL,
  `nombre_prop` varchar(25) NOT NULL,
  `direccion_prop` varchar(60) NOT NULL,
  `id_estcivil` int NOT NULL,
  `fonofijo_prop` varchar(15) NOT NULL,
  `celular_prop` varchar(15) DEFAULT NULL,
  `id_Comuna` int DEFAULT NULL,
  PRIMARY KEY (`numrut_prop`),
  KEY `fk_propietario_comuna` (`id_Comuna`),
  KEY `fk_propietario_estado_civil` (`id_estcivil`),
  CONSTRAINT `fk_propietario_comuna` FOREIGN KEY (`id_Comuna`) REFERENCES `comuna` (`id_comuna`),
  CONSTRAINT `fk_propietario_estado_civil` FOREIGN KEY (`id_estcivil`) REFERENCES `estado_civil` (`id_estcivil`)
) ENGINE=InnoDB AUTO_INCREMENT=14412995 DEFAULT CHARSET=utf8mb4 COLLATE=utf8mb4_0900_ai_ci;
/*!40101 SET character_set_client = @saved_cs_client */;

--
-- Dumping data for table `propietario`
--

LOCK TABLES `propietario` WRITE;
/*!40000 ALTER TABLE `propietario` DISABLE KEYS */;
INSERT INTO `propietario` VALUES (11947288,'2','QUEZADA','GOMEZ','MARIO','LAS MALVAS 10470 V/PENSAMIENTO',2,'25415191','25410480',28),(12064147,'7','ROBLES','VIDAL','LUIS','SEGUNDA TRANSVERSAL PJ.2 C/996',3,'25573796','25268570',37),(12116380,'5','BARAHONA','ORELLANA','JOSE','NTRA. SRA. SANTA GENOVEVA 9508',2,'22871051',NULL,22),(12491094,'3','SAAVEDRA','VILLALOBOS','SERGIO','VIA 7 Nº1000 B/3 D/7',5,'22398244',NULL,22),(12651346,'4','MUÑOZ','PEREZ','CLAUDIA','SANTA ISABEL 463',1,'26359178','27412904',23),(12676073,'5','PIZARRO','TORO','JAIME','FCO.BILBAO 1826 P/SAN RAFAEL',1,'25426807',NULL,34),(12783347,'3','CUBILLOS','FERRADA','JORGE','LAGO RUPANCO 1556 P/LANALHUE',4,'22930493','25377732',29),(12870395,'K','HERNANDEZ','VALLADARES','JONATHA','PJE.RENE OLIVARES 1294',2,'25389883','26413331',46),(12878526,'6','RIQUELME','CORREA','JOHN','MOISES RIOS Nº1065',5,'27375662','25261372',38),(12885975,'0','BARRIOS','MUÑOZ','BARBARA','PASAJE PUCON 5940',5,'22215104','26710430',22),(13024901,'K','VALENCIA','URBINA','SERGIO','MARIA ELENA 1857 V/LOS NAVIOS',3,'25417284','26211095',25),(13041308,'1','PARDO','ESPINOSA','RICHARD','PJE.PIRAMIDE 1477 P/BOROA',1,'26811939','27740990',27),(13071695,'9','LOSADA','MALDONADO','LEONARDO','OCTAVA AV.PJE.JOSE READY 6256',1,'25222006','25311153',20),(13195197,'4','GUERRERO','ROMO','MAURICIO','BROCKMAN 1326 VILLA ITALIA',5,'2232366','28113377',32),(13471056,'6','MIRANDA','VALENZUELA','PRISCILLA','AV. COLECTOR 4866 P/SANTIAGO',2,'27796916','27790195',35),(14149786,'8','ROBLES','CAMIRUAGA','AQUILES','DIAGONAL PARAGUAY 360 DPTO 116',5,'22227933','25325139',27),(14412994,'5','ALARCON','QUIROGA','JOHN','CALLE 1 C/4452 P/SANTIAGO',3,'27789352','25261372',47);
/*!40000 ALTER TABLE `propietario` ENABLE KEYS */;
UNLOCK TABLES;

--
-- Table structure for table `tipo_propiedad`
--

DROP TABLE IF EXISTS `tipo_propiedad`;
/*!40101 SET @saved_cs_client     = @@character_set_client */;
/*!50503 SET character_set_client = utf8mb4 */;
CREATE TABLE `tipo_propiedad` (
  `id_tipo_propiedad` varchar(1) NOT NULL,
  `desc_tipo_propiedad` varchar(30) NOT NULL,
  PRIMARY KEY (`id_tipo_propiedad`)
) ENGINE=InnoDB DEFAULT CHARSET=utf8mb4 COLLATE=utf8mb4_0900_ai_ci;
/*!40101 SET character_set_client = @saved_cs_client */;

--
-- Dumping data for table `tipo_propiedad`
--

LOCK TABLES `tipo_propiedad` WRITE;
/*!40000 ALTER TABLE `tipo_propiedad` DISABLE KEYS */;
INSERT INTO `tipo_propiedad` VALUES ('A','Casa sin Amoblar'),('B','Casa Amoblada'),('C','Departamento sin Amoblar'),('D','Departamento Amoblado'),('E','Local Comercial'),('F','Parcela sin Casa'),('G','Parcela con Casa'),('H','Sitio');
/*!40000 ALTER TABLE `tipo_propiedad` ENABLE KEYS */;
UNLOCK TABLES;
/*!40103 SET TIME_ZONE=@OLD_TIME_ZONE */;

/*!40101 SET SQL_MODE=@OLD_SQL_MODE */;
/*!40014 SET FOREIGN_KEY_CHECKS=@OLD_FOREIGN_KEY_CHECKS */;
/*!40014 SET UNIQUE_CHECKS=@OLD_UNIQUE_CHECKS */;
/*!40101 SET CHARACTER_SET_CLIENT=@OLD_CHARACTER_SET_CLIENT */;
/*!40101 SET CHARACTER_SET_RESULTS=@OLD_CHARACTER_SET_RESULTS */;
/*!40101 SET COLLATION_CONNECTION=@OLD_COLLATION_CONNECTION */;
/*!40111 SET SQL_NOTES=@OLD_SQL_NOTES */;

-- Dump completed on 2023-12-28 13:32:34
